<?xml version="1.0" encoding="UTF-8"?>
<!DOCTYPE suite SYSTEM "http://testng.org/testng-1.0.dtd">
<suite name="Swag Lab Test Suite" thread-count="4" parallel="classes">
    <test verbose="2" preserve-order="true"
          name="C:/Users/Dishant Bachewar/Downloads/captainbizwebautomation/Swag_Lab_Automation_Dishant">
        <classes>
            <class name="SwagLabTest.LoginPage.LoginPageTests">
            </class>
            <class name="SwagLabTest.ProductPage.ProductPageTest">
            </class>
            <class name="SwagLabTest.YourCartPage.YourCartPageTest">
            </class>
            <class name="SwagLabTest.YourInformation.YourInformationTest">
            </class>
            <class name="SwagLabTest.OverviewPage.OverviewPageTest">
            </class>
        </classes>
    </test>
</suite>